学号,第一章作业,第二章作业
1*****022,,
1*****020,,
1*****048,,
1*****027,,
1*****041,,
1*****109,,
1*****040,,
1*****065,,
2*****190,,
2*****219,,
2*****130,,
2*****003,,
2*****005,,
2*****006,,
2*****012,,
2*****017,,
2*****018,,
2*****020,,
2*****021,,
2*****024,,
2*****026,,
2*****027,,
2*****032,,
2*****037,,
2*****038,,
2*****041,,
2*****042,,
2*****043,,
2*****055,,
2*****059,,
2*****067,,
2*****069,,
2*****070,,
2*****071,,
2*****073,,
2*****077,,
2*****081,,
2*****082,,
2*****084,,
2*****085,,
2*****088,,
2*****092,,
2*****094,,
2*****096,,
2*****097,,
2*****102,,
2*****106,,
2*****109,,
2*****113,,
2*****117,,
2*****118,,
2*****120,,
2*****121,,
2*****122,,
2*****139,,
2*****142,,
2*****150,,
2*****153,,
2*****154,,
2*****160,,
2*****171,,
